Unnamed: 0,Student ID,Well versed with the subject,Explains concepts in an understandable way,Use of presentations,Degree of difficulty of assignments,Solves doubts willingly,Structuring of the course,Provides support for students going above and beyond,Course recommendation based on relevance,Average Rating,Rating Level
0,340,5,2,7,6,9,2,1,8,5.0,High (4–5)
1,253,6,5,8,6,2,1,2,9,4.875,High (4–5)
2,680,7,7,6,5,4,2,3,1,4.375,High (4–5)
3,806,9,6,7,1,5,9,4,6,5.875,High (4–5)
4,632,8,10,8,4,6,6,9,9,7.5,High (4–5)
5,832,7,2,7,8,3,5,1,4,4.625,High (4–5)
6,772,9,3,5,2,10,3,8,1,5.125,High (4–5)
7,961,9,8,7,4,4,3,3,10,6.0,High (4–5)
8,814,6,5,8,6,4,4,7,9,6.125,High (4–5)
9,863,5,9,4,7,9,4,4,5,5.875,High (4–5)
10,576,10,3,8,6,6,3,6,9,6.375,High (4–5)
11,702,8,4,7,1,2,1,8,8,4.875,High (4–5)
12,541,5,4,4,2,2,7,8,1,4.125,High (4–5)
13,552,5,6,7,2,7,4,4,2,4.625,High (4–5)
14,510,6,7,8,3,4,7,7,6,6.0,High (4–5)
15,159,7,7,6,6,3,9,3,1,5.25,High (4–5)
16,223,9,10,4,5,7,10,10,6,7.625,High (4–5)
17,807,8,3,4,2,2,4,6,1,3.75,Medium (3–4)
18,525,9,9,4,3,5,5,9,2,5.75,High (4–5)
19,799,5,6,5,4,2,1,1,7,3.875,Medium (3–4)
20,24,9,10,6,10,2,10,1,9,7.125,High (4–5)
21,509,8,2,7,5,2,3,4,4,4.375,High (4–5)
22,797,9,10,4,10,9,2,10,7,7.625,High (4–5)
23,418,8,8,6,7,9,5,2,8,6.625,High (4–5)
24,48,5,5,4,2,1,10,10,9,5.75,High (4–5)
25,657,9,5,7,3,2,8,10,6,6.25,High (4–5)
26,864,9,8,5,2,3,9,2,8,5.75,High (4–5)
27,861,5,6,4,5,4,4,6,6,5.0,High (4–5)
28,118,9,10,7,7,4,6,9,1,6.625,High (4–5)
29,387,7,3,8,1,6,8,6,8,5.875,High (4–5)
30,282,5,6,7,3,8,1,1,9,5.0,High (4–5)
31,503,8,6,6,3,3,6,4,10,5.75,High (4–5)
32,934,5,6,4,6,10,3,4,10,6.0,High (4–5)
33,781,8,3,4,5,1,8,10,5,5.5,High (4–5)
34,898,10,10,4,3,5,4,2,1,4.875,High (4–5)
35,474,8,3,7,6,4,3,7,7,5.625,High (4–5)
36,704,9,9,8,6,8,4,8,5,7.125,High (4–5)
37,977,9,5,4,4,6,3,1,9,5.125,High (4–5)
38,454,9,6,6,1,10,8,10,7,7.125,High (4–5)
39,295,5,7,6,3,1,7,2,9,5.0,High (4–5)
40,35,10,6,4,5,6,2,3,1,4.625,High (4–5)
41,304,9,9,4,6,5,1,7,2,5.375,High (4–5)
42,56,6,9,6,8,9,6,2,4,6.25,High (4–5)
43,922,8,10,7,4,5,9,3,5,6.375,High (4–5)
44,569,10,7,6,9,2,6,2,5,5.875,High (4–5)
45,186,6,4,4,4,6,9,10,10,6.625,High (4–5)
46,258,7,2,7,2,7,2,6,10,5.375,High (4–5)
47,560,8,7,8,3,8,7,4,8,6.625,High (4–5)
48,621,10,4,5,1,5,10,1,10,5.75,High (4–5)
49,568,10,7,4,6,10,8,10,8,7.875,High (4–5)
50,393,6,9,8,7,5,8,1,4,6.0,High (4–5)
51,12,8,10,7,2,8,9,6,6,7.0,High (4–5)
52,798,7,2,8,7,10,5,3,5,5.875,High (4–5)
53,740,8,10,7,3,2,10,10,1,6.375,High (4–5)
54,184,10,9,8,6,4,8,8,9,7.75,High (4–5)
55,410,7,2,5,2,6,6,3,10,5.125,High (4–5)
56,480,10,6,7,8,5,3,1,5,5.625,High (4–5)
57,84,7,4,6,10,7,7,8,9,7.25,High (4–5)
58,89,9,9,4,5,1,2,3,9,5.25,High (4–5)
59,763,6,9,6,7,6,10,2,5,6.375,High (4–5)
60,86,7,8,6,8,3,10,2,7,6.375,High (4–5)
61,867,6,4,6,4,2,7,5,3,4.625,High (4–5)
62,248,6,6,4,6,6,6,2,3,4.875,High (4–5)
63,751,7,3,8,10,2,7,2,6,5.625,High (4–5)
64,522,6,9,8,10,9,5,3,6,7.0,High (4–5)
65,696,5,5,4,9,3,1,8,6,5.125,High (4–5)
66,274,8,2,4,7,10,8,5,8,6.5,High (4–5)
67,921,9,7,5,10,10,9,6,4,7.5,High (4–5)
68,957,6,2,7,8,5,9,5,4,5.75,High (4–5)
69,88,9,4,4,9,9,9,7,10,7.625,High (4–5)
70,149,5,6,5,1,8,9,7,8,6.125,High (4–5)
71,737,7,9,4,5,5,2,2,1,4.375,High (4–5)
72,891,7,2,4,9,6,9,7,9,6.625,High (4–5)
73,1,9,6,8,7,6,5,3,10,6.75,High (4–5)
74,868,7,9,7,2,6,2,9,4,5.75,High (4–5)
75,895,5,5,7,7,2,1,8,9,5.5,High (4–5)
76,638,9,10,8,2,1,1,4,8,5.375,High (4–5)
77,707,5,6,6,5,1,9,6,9,5.875,High (4–5)
78,432,9,9,6,8,2,3,2,4,5.375,High (4–5)
79,988,7,4,6,7,6,9,7,1,5.875,High (4–5)
80,742,7,7,8,2,1,1,8,1,4.375,High (4–5)
81,730,6,5,4,5,6,6,7,2,5.125,High (4–5)
82,321,5,7,6,2,3,5,3,5,4.5,High (4–5)
83,904,8,5,8,9,7,9,8,6,7.5,High (4–5)
84,171,6,10,4,6,1,6,2,3,4.75,High (4–5)
85,695,10,4,4,1,5,8,7,1,5.0,High (4–5)
86,498,8,5,4,5,10,7,1,10,6.25,High (4–5)
87,446,7,8,5,10,10,2,5,9,7.0,High (4–5)
88,982,9,10,7,5,6,6,1,5,6.125,High (4–5)
89,981,7,6,7,5,4,6,8,3,5.75,High (4–5)
90,849,6,10,6,7,7,4,10,7,7.125,High (4–5)
91,297,7,10,6,8,10,10,2,8,7.625,High (4–5)
92,713,8,6,7,5,2,7,10,8,6.625,High (4–5)
93,192,8,4,8,6,3,5,1,5,5.0,High (4–5)
94,561,9,6,4,8,6,8,3,3,5.875,High (4–5)
95,364,6,6,7,9,6,4,7,6,6.375,High (4–5)
96,40,6,7,5,6,10,5,6,3,6.0,High (4–5)
97,521,5,9,4,2,1,8,3,7,4.875,High (4–5)
98,201,8,2,8,9,8,8,9,4,7.0,High (4–5)
99,780,6,4,4,10,6,5,6,8,6.125,High (4–5)
100,853,7,9,4,8,9,4,10,2,6.625,High (4–5)
101,202,5,6,6,10,3,4,2,8,5.5,High (4–5)
102,421,6,3,8,10,6,8,7,9,7.125,High (4–5)
103,671,9,8,6,10,10,7,7,8,8.125,High (4–5)
104,334,5,9,4,3,8,10,4,2,5.625,High (4–5)
105,843,6,8,5,4,5,5,10,6,6.125,High (4–5)
106,57,10,7,6,10,4,4,2,4,5.875,High (4–5)
107,353,6,7,5,3,6,6,7,5,5.625,High (4–5)
108,681,7,2,7,5,2,1,3,7,4.25,High (4–5)
109,394,6,3,6,10,7,4,3,3,5.25,High (4–5)
110,188,7,6,8,9,9,8,9,10,8.25,High (4–5)
111,641,5,10,6,7,4,2,5,4,5.375,High (4–5)
112,544,10,7,8,4,6,5,7,8,6.875,High (4–5)
113,163,9,3,4,7,3,8,6,8,6.0,High (4–5)
114,283,9,2,6,1,2,10,5,5,5.0,High (4–5)
115,820,6,5,4,9,2,5,10,7,6.0,High (4–5)
116,254,6,6,6,8,9,4,4,8,6.375,High (4–5)
117,221,9,6,8,1,8,2,5,6,5.625,High (4–5)
118,736,8,2,8,8,2,6,5,4,5.375,High (4–5)
119,280,9,10,4,7,7,3,5,4,6.125,High (4–5)
120,976,5,2,5,5,7,9,4,3,5.0,High (4–5)
121,481,9,10,8,9,1,3,1,9,6.25,High (4–5)
122,80,7,6,4,1,5,6,1,8,4.75,High (4–5)
123,473,10,10,7,5,2,6,10,5,6.875,High (4–5)
124,762,10,7,5,7,8,9,3,4,6.625,High (4–5)
125,385,5,2,6,7,3,2,10,1,4.5,High (4–5)
126,195,9,7,5,5,10,10,5,1,6.5,High (4–5)
127,144,8,6,5,6,3,8,2,6,5.5,High (4–5)
128,767,10,10,8,3,9,6,4,8,7.25,High (4–5)
129,300,6,8,4,5,5,9,5,4,5.75,High (4–5)
130,580,5,2,5,8,6,5,4,9,5.5,High (4–5)
131,216,5,9,8,2,4,8,9,10,6.875,High (4–5)
132,583,9,3,4,6,5,3,8,7,5.625,High (4–5)
133,881,7,9,5,9,4,5,4,8,6.375,High (4–5)
134,488,8,8,6,9,7,4,6,1,6.125,High (4–5)
135,892,5,8,8,9,6,9,10,6,7.625,High (4–5)
136,152,7,2,5,1,5,10,5,6,5.125,High (4–5)
137,925,7,10,6,7,9,10,1,3,6.625,High (4–5)
138,729,9,9,8,7,5,4,5,5,6.5,High (4–5)
139,647,5,5,8,8,9,6,9,8,7.25,High (4–5)
140,686,8,6,5,5,2,6,5,8,5.625,High (4–5)
141,93,9,10,6,4,9,6,7,8,7.375,High (4–5)
142,485,8,4,7,1,4,7,1,4,4.5,High (4–5)
143,59,5,8,5,6,10,3,4,10,6.375,High (4–5)
144,907,10,4,7,6,1,2,5,1,4.5,High (4–5)
145,158,10,6,5,6,2,10,3,8,6.25,High (4–5)
146,955,10,4,4,1,10,1,10,10,6.25,High (4–5)
147,758,8,3,7,7,9,6,7,5,6.5,High (4–5)
148,605,6,4,4,4,7,5,5,2,4.625,High (4–5)
149,475,10,6,4,9,3,1,6,7,5.75,High (4–5)
150,154,9,7,4,8,2,6,3,9,6.0,High (4–5)
151,79,6,4,6,6,6,4,9,10,6.375,High (4–5)
152,36,10,6,5,2,1,9,9,6,6.0,High (4–5)
153,562,6,3,6,7,8,7,4,1,5.25,High (4–5)
154,231,10,7,8,1,3,3,3,3,4.75,High (4–5)
155,869,8,7,6,2,9,4,1,7,5.5,High (4–5)
156,608,7,4,6,5,4,7,8,7,6.0,High (4–5)
157,846,10,7,7,4,7,10,7,1,6.625,High (4–5)
158,542,10,4,7,7,2,2,5,9,5.75,High (4–5)
159,941,9,3,7,2,9,7,3,1,5.125,High (4–5)
160,919,10,2,8,5,6,3,8,5,5.875,High (4–5)
161,352,6,2,6,3,5,3,8,6,4.875,High (4–5)
162,839,9,2,5,10,4,4,9,1,5.5,High (4–5)
163,266,8,8,5,6,6,8,2,2,5.625,High (4–5)
164,298,8,4,8,9,7,1,7,3,5.875,High (4–5)
165,929,10,2,6,1,1,9,9,7,5.625,High (4–5)
166,574,6,4,8,5,9,5,7,10,6.75,High (4–5)
167,250,5,7,7,3,1,6,3,1,4.125,High (4–5)
168,616,9,8,6,9,6,3,5,8,6.75,High (4–5)
169,164,8,5,7,10,8,9,10,1,7.25,High (4–5)
170,827,6,3,4,9,7,8,7,6,6.25,High (4–5)
171,228,7,6,6,1,6,6,6,9,5.875,High (4–5)
172,787,10,10,5,10,1,9,3,8,7.0,High (4–5)
173,317,8,8,4,1,10,10,9,1,6.375,High (4–5)
174,110,9,6,4,1,4,7,9,5,5.625,High (4–5)
175,165,6,2,6,2,2,10,2,2,4.0,High (4–5)
176,701,5,9,7,1,9,9,1,9,6.25,High (4–5)
177,362,7,9,6,7,4,8,1,2,5.5,High (4–5)
178,890,8,7,5,3,9,1,4,5,5.25,High (4–5)
179,728,10,9,4,8,5,2,3,10,6.375,High (4–5)
180,466,9,8,5,5,6,2,10,4,6.125,High (4–5)
181,709,9,3,6,4,4,8,10,1,5.625,High (4–5)
182,482,10,3,4,3,10,1,8,5,5.5,High (4–5)
183,406,9,10,6,1,6,1,9,2,5.5,High (4–5)
184,66,8,5,8,7,6,1,9,9,6.625,High (4–5)
185,862,6,5,6,5,7,2,10,8,6.125,High (4–5)
186,61,9,8,6,5,3,10,6,6,6.625,High (4–5)
187,111,7,9,7,1,10,10,3,10,7.125,High (4–5)
188,147,6,8,4,6,9,6,8,7,6.75,High (4–5)
189,211,7,4,4,3,7,8,7,10,6.25,High (4–5)
190,996,6,5,6,10,8,7,8,4,6.75,High (4–5)
191,459,8,5,8,6,6,1,8,4,5.75,High (4–5)
192,81,5,5,6,5,7,3,9,5,5.625,High (4–5)
193,288,5,9,6,9,4,4,2,6,5.625,High (4–5)
194,6,7,10,8,3,3,4,1,2,4.75,High (4–5)
195,547,6,6,8,5,1,2,2,8,4.75,High (4–5)
196,30,6,2,7,5,1,10,9,10,6.25,High (4–5)
197,445,9,4,4,2,4,8,1,6,4.75,High (4–5)
198,591,6,9,8,5,10,6,2,10,7.0,High (4–5)
199,770,10,10,5,7,10,7,7,10,8.25,High (4–5)
200,484,9,6,8,10,3,2,8,4,6.25,High (4–5)
201,180,8,4,4,1,6,9,6,1,4.875,High (4–5)
202,946,5,5,5,6,1,3,10,5,5.0,High (4–5)
203,901,9,8,6,1,2,9,8,2,5.625,High (4–5)
204,517,10,5,7,7,5,10,6,5,6.875,High (4–5)
205,545,9,4,8,1,8,6,2,4,5.25,High (4–5)
206,918,8,3,8,9,9,1,6,1,5.625,High (4–5)
207,652,8,3,4,8,3,2,2,3,4.125,High (4–5)
208,471,10,10,4,8,2,2,4,7,5.875,High (4–5)
209,323,6,8,7,5,4,1,9,3,5.375,High (4–5)
210,276,8,5,7,9,1,10,1,2,5.375,High (4–5)
211,672,7,8,5,6,5,10,5,10,7.0,High (4–5)
212,337,10,7,6,8,9,5,1,1,5.875,High (4–5)
213,468,7,7,8,4,2,1,5,10,5.5,High (4–5)
214,380,8,8,4,8,2,4,9,2,5.625,High (4–5)
215,755,9,8,7,2,9,6,3,7,6.375,High (4–5)
216,267,8,9,4,4,8,4,8,1,5.75,High (4–5)
217,598,9,3,4,9,3,4,5,1,4.75,High (4–5)
218,128,6,2,6,1,9,3,9,2,4.75,High (4–5)
219,444,8,2,6,10,7,2,4,8,5.875,High (4–5)
220,572,6,5,4,4,8,6,8,9,6.25,High (4–5)
221,319,8,3,6,6,7,10,8,4,6.5,High (4–5)
222,390,8,6,7,5,1,4,3,9,5.375,High (4–5)
223,176,10,2,6,7,4,10,1,3,5.375,High (4–5)
224,883,7,4,4,2,8,6,7,4,5.25,High (4–5)
225,831,5,2,8,3,5,10,7,7,5.875,High (4–5)
226,220,10,5,8,7,9,7,2,7,6.875,High (4–5)
227,17,7,6,5,3,9,5,5,2,5.25,High (4–5)
228,938,10,10,6,5,2,9,9,9,7.5,High (4–5)
229,651,8,7,6,3,9,10,6,1,6.25,High (4–5)
230,953,5,10,8,10,6,4,6,4,6.625,High (4–5)
231,902,5,8,6,10,4,5,5,9,6.5,High (4–5)
232,167,7,7,5,8,6,9,9,8,7.375,High (4–5)
233,669,9,3,4,5,2,2,1,6,4.0,High (4–5)
234,859,8,3,5,9,10,3,1,6,5.625,High (4–5)
235,120,8,4,7,5,4,4,10,6,6.0,High (4–5)
236,293,10,4,7,1,6,7,7,4,5.75,High (4–5)
237,789,10,2,8,7,9,8,1,4,6.125,High (4–5)
238,182,5,2,7,2,3,6,1,9,4.375,High (4–5)
239,369,10,5,4,4,3,7,4,10,5.875,High (4–5)
240,207,6,8,6,7,9,7,2,5,6.25,High (4–5)
241,842,10,7,5,3,3,6,4,6,5.5,High (4–5)
242,38,5,8,7,6,10,8,9,5,7.25,High (4–5)
243,495,5,4,7,9,6,10,5,9,6.875,High (4–5)
244,942,10,6,8,3,7,8,4,5,6.375,High (4–5)
245,752,10,7,4,4,4,9,10,7,6.875,High (4–5)
246,940,7,3,6,9,10,8,3,5,6.375,High (4–5)
247,648,5,7,7,9,6,3,10,3,6.25,High (4–5)
248,125,6,2,4,5,9,7,7,7,5.875,High (4–5)
249,516,10,2,8,9,2,3,3,1,4.75,High (4–5)
250,963,9,6,4,5,3,3,6,6,5.25,High (4–5)
251,215,5,6,6,2,1,9,5,8,5.25,High (4–5)
252,823,7,5,8,3,4,3,1,10,5.125,High (4–5)
253,840,5,7,5,6,9,9,10,6,7.125,High (4–5)
254,429,8,3,5,1,8,1,8,9,5.375,High (4–5)
255,109,6,3,5,6,1,6,6,10,5.375,High (4–5)
256,795,6,9,8,4,2,6,10,6,6.375,High (4–5)
257,760,9,4,4,3,8,5,10,1,5.5,High (4–5)
258,536,10,10,4,7,8,7,6,2,6.75,High (4–5)
259,888,6,6,5,2,3,6,6,3,4.625,High (4–5)
260,719,10,10,8,7,6,10,6,4,7.625,High (4–5)
261,654,6,4,4,9,5,8,8,2,5.75,High (4–5)
262,947,7,3,8,1,5,9,7,2,5.25,High (4–5)
263,403,5,7,6,6,5,6,4,6,5.625,High (4–5)
264,124,9,9,7,9,1,9,4,3,6.375,High (4–5)
265,548,9,8,6,7,1,2,7,6,5.75,High (4–5)
266,880,7,3,6,3,5,3,3,10,5.0,High (4–5)
267,939,10,10,7,4,1,2,3,9,5.75,High (4–5)
268,166,6,10,4,4,4,8,4,6,5.75,High (4–5)
269,885,5,6,7,7,2,2,5,7,5.125,High (4–5)
270,112,7,9,6,9,1,7,1,2,5.25,High (4–5)
271,811,8,8,8,6,1,4,9,1,5.625,High (4–5)
272,213,10,8,4,10,1,5,6,2,5.75,High (4–5)
273,375,10,4,4,1,3,4,7,9,5.25,High (4–5)
274,897,6,7,4,1,9,8,8,7,6.25,High (4–5)
275,460,7,8,5,6,7,7,6,7,6.625,High (4–5)
276,416,6,2,5,8,9,6,3,7,5.75,High (4–5)
277,571,8,9,7,3,1,8,9,7,6.5,High (4–5)
278,744,8,5,7,3,10,4,6,7,6.25,High (4–5)
279,378,9,8,7,2,4,7,2,6,5.625,High (4–5)
280,121,5,9,5,2,4,5,6,6,5.25,High (4–5)
281,462,10,4,8,5,4,6,4,7,6.0,High (4–5)
282,777,8,6,4,6,4,7,10,1,5.75,High (4–5)
283,845,5,10,6,8,4,4,4,5,5.75,High (4–5)
284,533,6,10,5,7,2,5,10,10,6.875,High (4–5)
285,450,5,2,6,2,4,5,1,4,3.625,Medium (3–4)
286,717,6,2,4,6,6,2,6,9,5.125,High (4–5)
287,469,10,8,6,1,3,5,8,10,6.375,High (4–5)
288,670,7,7,8,1,6,1,2,1,4.125,High (4–5)
289,137,8,2,5,2,4,9,7,8,5.625,High (4–5)
290,801,10,7,4,3,6,1,10,4,5.625,High (4–5)
291,315,5,10,5,10,8,4,8,4,6.75,High (4–5)
292,153,7,7,5,3,8,9,8,9,7.0,High (4–5)
293,190,8,6,7,5,6,4,3,8,5.875,High (4–5)
294,22,7,9,4,1,2,8,10,4,5.625,High (4–5)
295,949,9,8,7,1,7,6,9,4,6.375,High (4–5)
296,523,10,2,6,9,7,5,10,9,7.25,High (4–5)
297,527,5,6,5,2,8,6,9,8,6.125,High (4–5)
298,461,7,10,7,6,6,8,4,9,7.125,High (4–5)
299,244,5,8,4,9,3,10,1,3,5.375,High (4–5)
300,363,9,3,8,10,2,7,5,1,5.625,High (4–5)
301,610,8,10,6,8,2,1,5,1,5.125,High (4–5)
302,381,9,2,8,8,1,9,1,2,5.0,High (4–5)
303,954,8,8,6,3,9,5,7,2,6.0,High (4–5)
304,604,10,9,8,9,4,8,7,9,8.0,High (4–5)
305,414,10,6,4,8,2,9,9,3,6.375,High (4–5)
306,151,8,7,5,10,8,3,8,6,6.875,High (4–5)
307,721,6,9,4,1,4,10,10,9,6.625,High (4–5)
308,664,10,8,7,4,8,2,1,10,6.25,High (4–5)
309,956,7,2,6,5,2,3,8,7,5.0,High (4–5)
310,747,5,3,5,6,5,10,3,6,5.375,High (4–5)
311,438,9,6,5,9,2,3,9,3,5.75,High (4–5)
312,975,5,10,4,8,7,6,8,3,6.375,High (4–5)
313,277,5,6,8,7,2,7,1,10,5.75,High (4–5)
314,312,7,2,7,6,6,3,7,2,5.0,High (4–5)
315,565,10,9,7,10,4,8,5,4,7.125,High (4–5)
316,739,8,7,5,10,1,1,8,1,5.125,High (4–5)
317,584,8,8,5,8,6,6,9,4,6.75,High (4–5)
318,894,6,3,5,4,7,1,5,5,4.5,High (4–5)
319,270,9,10,5,9,6,4,7,7,7.125,High (4–5)
320,966,7,4,5,3,1,8,10,2,5.0,High (4–5)
321,489,7,2,5,8,1,1,8,8,5.0,High (4–5)
322,665,6,3,4,2,8,5,8,5,5.125,High (4–5)
323,71,9,10,8,4,9,3,8,2,6.625,High (4–5)
324,603,7,2,7,1,7,7,1,7,4.875,High (4–5)
325,196,8,10,8,10,6,7,7,7,7.875,High (4–5)
326,804,9,3,7,6,10,7,9,7,7.25,High (4–5)
327,837,5,10,4,1,4,8,9,1,5.25,High (4–5)
328,530,6,5,4,9,1,2,3,6,4.5,High (4–5)
329,720,6,6,6,9,10,4,6,7,6.75,High (4–5)
330,272,5,4,6,4,4,7,7,9,5.75,High (4–5)
331,984,5,10,6,4,2,10,4,6,5.875,High (4–5)
332,185,10,3,8,4,1,10,7,9,6.5,High (4–5)
333,487,6,6,4,2,10,10,1,9,6.0,High (4–5)
334,75,8,9,8,6,2,7,9,10,7.375,High (4–5)
335,718,6,3,6,7,6,6,2,6,5.25,High (4–5)
336,496,10,7,4,6,10,5,3,6,6.375,High (4–5)
337,630,5,5,4,8,3,6,6,8,5.625,High (4–5)
338,637,8,10,5,6,10,8,2,2,6.375,High (4–5)
339,360,9,9,8,2,3,1,8,6,5.75,High (4–5)
340,183,6,7,5,5,4,7,1,9,5.5,High (4–5)
341,689,10,8,7,8,1,9,5,10,7.25,High (4–5)
342,236,6,9,6,4,1,2,8,4,5.0,High (4–5)
343,768,6,6,6,3,5,9,8,3,5.75,High (4–5)
344,316,7,2,7,8,6,4,2,9,5.625,High (4–5)
345,396,6,10,4,6,1,2,4,10,5.375,High (4–5)
346,212,6,4,4,6,5,10,10,2,5.875,High (4–5)
347,830,9,7,7,10,7,8,6,4,7.25,High (4–5)
348,209,9,8,5,3,3,10,7,2,5.875,High (4–5)
349,62,7,4,4,5,3,10,2,1,4.5,High (4–5)
350,447,8,7,7,1,4,7,10,9,6.625,High (4–5)
351,100,6,6,6,10,7,5,7,8,6.875,High (4–5)
352,305,10,8,8,4,6,3,10,4,6.625,High (4–5)
353,494,10,6,6,6,4,10,2,9,6.625,High (4–5)
354,328,10,6,5,4,6,10,8,2,6.375,High (4–5)
355,854,8,2,8,4,6,2,4,7,5.125,High (4–5)
356,866,5,10,4,8,3,7,4,5,5.75,High (4–5)
357,943,8,9,7,10,6,7,7,6,7.5,High (4–5)
358,734,9,8,5,3,10,1,8,3,5.875,High (4–5)
359,189,9,3,6,2,3,8,10,7,6.0,High (4–5)
360,404,10,5,7,8,1,5,10,4,6.25,High (4–5)
361,518,7,4,8,5,7,9,2,6,6.0,High (4–5)
362,856,6,9,4,6,8,8,3,8,6.5,High (4–5)
363,70,9,2,5,8,10,9,7,6,7.0,High (4–5)
364,457,7,4,8,2,3,6,8,4,5.25,High (4–5)
365,148,5,4,4,4,8,10,5,5,5.625,High (4–5)
366,958,10,10,5,8,5,10,7,8,7.875,High (4–5)
367,356,7,3,7,6,4,2,1,10,5.0,High (4–5)
368,793,10,9,6,4,7,6,8,3,6.625,High (4–5)
369,771,8,7,6,4,8,7,3,2,5.625,High (4–5)
370,452,5,6,7,9,7,8,6,1,6.125,High (4–5)
371,72,8,7,7,3,4,1,4,7,5.125,High (4–5)
372,710,7,2,6,5,7,7,6,10,6.25,High (4–5)
373,980,6,3,7,1,5,4,9,4,4.875,High (4–5)
374,145,6,8,4,6,1,3,2,7,4.625,High (4–5)
375,960,6,9,6,1,3,3,5,8,5.125,High (4–5)
376,660,5,7,7,3,10,3,3,4,5.25,High (4–5)
377,987,9,10,7,8,7,3,8,7,7.375,High (4–5)
378,534,9,5,7,5,2,6,10,8,6.5,High (4–5)
379,858,9,5,5,3,2,2,7,7,5.0,High (4–5)
380,324,10,5,5,2,2,5,7,6,5.25,High (4–5)
381,884,7,4,7,10,5,1,7,4,5.625,High (4–5)
382,611,8,9,5,3,9,5,8,3,6.25,High (4–5)
383,136,8,6,7,10,9,9,2,3,6.75,High (4–5)
384,705,9,3,6,3,3,5,1,2,4.0,High (4–5)
385,991,7,4,5,8,9,8,5,1,5.875,High (4–5)
386,676,9,8,5,7,4,10,2,6,6.375,High (4–5)
387,769,9,8,8,8,1,1,8,5,6.0,High (4–5)
388,246,7,10,8,8,4,10,3,8,7.25,High (4–5)
389,644,9,6,8,2,7,6,4,6,6.0,High (4–5)
390,263,7,9,4,7,9,8,10,7,7.625,High (4–5)
391,476,9,4,6,4,8,6,4,10,6.375,High (4–5)
392,697,7,7,6,1,8,10,5,2,5.75,High (4–5)
393,95,7,2,5,5,9,6,8,3,5.625,High (4–5)
394,688,8,6,7,5,6,1,4,10,5.875,High (4–5)
395,633,8,2,4,7,4,6,7,4,5.25,High (4–5)
396,241,8,3,8,8,10,1,8,6,6.5,High (4–5)
397,524,9,8,4,6,10,1,9,10,7.125,High (4–5)
398,504,9,4,5,6,6,1,7,10,6.0,High (4–5)
399,417,9,6,7,9,5,1,7,2,5.75,High (4–5)
400,554,6,6,8,2,4,6,4,10,5.75,High (4–5)
401,656,6,2,7,2,5,6,9,9,5.75,High (4–5)
402,19,10,4,6,3,9,10,9,3,6.75,High (4–5)
403,275,8,5,4,9,5,5,8,10,6.75,High (4–5)
404,478,5,10,7,6,8,7,3,9,6.875,High (4–5)
405,132,6,9,5,8,10,3,2,10,6.625,High (4–5)
406,515,8,3,5,10,3,4,9,4,5.75,High (4–5)
407,44,8,9,5,3,6,9,4,9,6.625,High (4–5)
408,388,6,10,4,5,6,4,4,9,6.0,High (4–5)
409,204,8,7,6,3,3,10,3,6,5.75,High (4–5)
410,338,5,2,4,6,9,10,9,4,6.125,High (4–5)
411,619,8,7,6,4,3,9,3,8,6.0,High (4–5)
412,205,8,4,4,2,1,7,9,7,5.25,High (4–5)
413,39,7,3,7,10,6,4,8,2,5.875,High (4–5)
414,53,5,8,5,1,10,8,5,7,6.125,High (4–5)
415,58,9,3,7,1,2,3,10,7,5.25,High (4–5)
416,157,9,6,8,2,8,4,4,3,5.5,High (4–5)
417,28,8,6,6,9,9,9,4,7,7.25,High (4–5)
418,833,8,6,7,7,7,9,10,9,7.875,High (4–5)
419,252,8,9,4,6,10,2,7,5,6.375,High (4–5)
420,658,8,5,6,7,10,4,6,4,6.25,High (4–5)
421,179,6,3,7,6,2,6,5,2,4.625,High (4–5)
422,851,9,6,4,10,2,1,3,10,5.625,High (4–5)
423,809,7,8,7,5,10,2,8,8,6.875,High (4–5)
424,330,7,7,5,7,9,10,2,2,6.125,High (4–5)
425,94,10,10,4,7,8,2,4,4,6.125,High (4–5)
426,826,10,5,7,2,8,7,10,5,6.75,High (4–5)
427,227,9,3,6,4,7,4,4,7,5.5,High (4–5)
428,1000,9,8,5,4,10,7,7,10,7.5,High (4–5)
429,114,10,9,7,1,8,4,4,2,5.625,High (4–5)
430,251,5,9,6,9,6,4,5,2,5.75,High (4–5)
431,613,5,6,6,3,9,4,2,9,5.5,High (4–5)
432,101,10,5,6,6,9,8,10,3,7.125,High (4–5)
433,871,7,8,7,10,10,7,2,2,6.625,High (4–5)
434,551,6,3,5,7,3,1,9,10,5.5,High (4–5)
435,931,6,5,7,3,6,5,6,10,6.0,High (4–5)
436,49,8,7,8,8,1,1,8,3,5.5,High (4–5)
437,512,5,10,7,9,9,9,6,9,8.0,High (4–5)
438,261,9,9,7,7,4,10,5,9,7.5,High (4–5)
439,754,6,9,4,4,3,10,2,10,6.0,High (4–5)
440,345,8,2,8,9,10,10,9,5,7.625,High (4–5)
441,970,10,9,5,7,6,7,4,7,6.875,High (4–5)
442,990,6,9,6,4,9,5,10,8,7.125,High (4–5)
443,911,6,4,4,10,9,4,7,2,5.75,High (4–5)
444,909,9,8,5,9,5,6,9,7,7.25,High (4–5)
445,817,6,5,7,10,10,4,6,6,6.75,High (4–5)
446,733,10,10,5,1,4,1,3,4,4.75,High (4–5)
447,626,7,9,5,4,9,4,3,1,5.25,High (4–5)
448,292,7,9,8,1,5,4,7,4,5.625,High (4–5)
449,82,5,10,8,4,4,10,5,5,6.375,High (4–5)
450,355,10,8,5,6,5,10,1,8,6.625,High (4–5)
451,948,9,5,4,7,9,3,5,7,6.125,High (4–5)
452,341,9,4,4,4,7,5,5,8,5.75,High (4–5)
453,952,7,9,5,7,8,8,10,5,7.375,High (4–5)
454,711,7,3,4,6,3,7,6,4,5.0,High (4–5)
455,635,7,3,8,6,7,4,10,5,6.25,High (4–5)
456,850,5,8,7,4,8,7,8,6,6.625,High (4–5)
457,716,6,3,7,9,2,3,3,6,4.875,High (4–5)
458,627,10,2,4,1,6,5,9,5,5.25,High (4–5)
459,661,6,10,4,3,8,2,7,6,5.75,High (4–5)
460,877,8,9,4,5,10,10,10,2,7.25,High (4–5)
461,177,8,2,6,2,8,1,9,9,5.625,High (4–5)
462,322,8,10,7,3,3,3,1,5,5.0,High (4–5)
463,914,9,2,4,2,4,2,2,9,4.25,High (4–5)
464,486,10,9,5,1,4,10,6,9,6.75,High (4–5)
465,723,6,10,5,3,10,3,6,4,5.875,High (4–5)
466,105,9,10,5,1,3,1,1,2,4.0,High (4–5)
467,52,6,10,4,1,7,3,10,2,5.375,High (4–5)
468,436,9,9,4,10,1,10,10,2,6.875,High (4–5)
469,829,6,9,5,3,2,2,10,9,5.75,High (4–5)
470,753,5,10,8,7,5,10,9,7,7.625,High (4–5)
471,130,7,9,5,9,3,2,5,4,5.5,High (4–5)
472,91,6,5,4,2,5,8,3,3,4.5,High (4–5)
473,590,10,3,4,4,9,9,6,2,5.875,High (4–5)
474,965,10,3,4,5,10,3,7,3,5.625,High (4–5)
475,99,8,9,6,2,2,3,10,6,5.75,High (4–5)
476,912,7,10,7,10,2,7,5,7,6.875,High (4–5)
477,395,9,6,8,2,7,9,8,10,7.375,High (4–5)
478,923,6,3,5,6,9,4,10,3,5.75,High (4–5)
479,499,7,9,8,3,5,1,5,2,5.0,High (4–5)
480,115,5,5,7,1,3,8,1,10,5.0,High (4–5)
481,815,5,9,6,6,2,9,5,3,5.625,High (4–5)
482,570,10,10,6,8,9,2,8,10,7.875,High (4–5)
483,825,9,7,8,1,3,2,9,3,5.25,High (4–5)
484,620,9,5,8,2,8,10,8,8,7.25,High (4–5)
485,175,10,9,8,2,1,6,7,2,5.625,High (4–5)
486,358,5,7,4,3,3,10,3,4,4.875,High (4–5)
487,191,7,4,5,2,5,10,4,7,5.5,High (4–5)
488,492,6,5,8,10,3,8,3,2,5.625,High (4–5)
489,529,9,6,6,1,4,10,1,7,5.5,High (4–5)
490,389,5,5,8,6,2,3,5,7,5.125,High (4–5)
491,878,6,5,8,4,10,3,9,10,6.875,High (4–5)
492,368,7,9,8,3,2,7,4,1,5.125,High (4–5)
493,122,7,5,5,3,9,6,9,2,5.75,High (4–5)
494,332,9,2,7,2,8,7,4,10,6.125,High (4–5)
495,303,7,4,5,4,7,2,1,6,4.5,High (4–5)
496,336,8,10,4,5,6,7,2,3,5.625,High (4–5)
497,588,6,6,4,10,10,10,3,9,7.25,High (4–5)
498,609,10,9,4,4,1,5,9,10,6.5,High (4–5)
499,920,10,6,7,10,10,2,4,2,6.375,High (4–5)
500,370,9,4,7,10,1,10,2,7,6.25,High (4–5)
501,405,10,2,5,5,5,1,4,6,4.75,High (4–5)
502,779,10,8,6,3,8,8,7,8,7.25,High (4–5)
503,962,10,6,4,5,1,7,1,10,5.5,High (4–5)
504,268,10,6,5,9,9,1,8,6,6.75,High (4–5)
505,625,10,7,6,7,9,6,3,3,6.375,High (4–5)
506,217,8,9,8,3,8,5,5,5,6.375,High (4–5)
507,479,10,10,4,6,5,9,2,3,6.125,High (4–5)
508,500,9,5,8,4,2,2,5,1,4.5,High (4–5)
509,409,8,9,7,3,10,4,6,1,6.0,High (4–5)
510,546,7,7,5,1,9,8,1,1,4.875,High (4–5)
511,967,5,5,8,8,1,9,8,5,6.125,High (4–5)
512,343,8,4,7,1,10,8,2,6,5.75,High (4–5)
513,639,7,4,7,7,6,10,5,7,6.625,High (4–5)
514,402,6,8,6,9,4,8,5,7,6.625,High (4–5)
515,617,5,7,5,4,7,1,10,6,5.625,High (4–5)
516,349,6,8,8,2,9,9,2,8,6.5,High (4–5)
517,994,8,5,5,2,5,5,9,5,5.5,High (4–5)
518,279,5,10,7,1,4,4,9,4,5.5,High (4–5)
519,926,10,7,5,1,1,6,6,1,4.625,High (4–5)
520,816,10,8,5,9,2,7,9,3,6.625,High (4–5)
521,765,8,7,8,5,7,7,7,7,7.0,High (4–5)
522,160,10,6,5,4,2,10,4,7,6.0,High (4–5)
523,606,8,3,8,1,6,4,8,9,5.875,High (4–5)
524,602,5,3,6,2,8,10,3,1,4.75,High (4–5)
525,893,10,6,8,1,1,10,1,3,5.0,High (4–5)
526,810,9,6,7,3,5,9,10,5,6.75,High (4–5)
527,802,8,2,6,6,3,8,7,7,5.875,High (4–5)
528,162,6,2,5,2,10,2,8,8,5.375,High (4–5)
529,449,5,7,8,9,3,2,7,10,6.375,High (4–5)
530,463,7,8,7,8,1,4,4,1,5.0,High (4–5)
531,41,5,3,5,9,3,1,8,8,5.25,High (4–5)
532,838,6,3,6,8,7,1,8,8,5.875,High (4–5)
533,703,10,7,8,3,4,7,9,8,7.0,High (4–5)
534,490,9,2,6,10,9,8,2,4,6.25,High (4–5)
535,906,7,7,8,4,5,2,4,5,5.25,High (4–5)
536,174,7,3,6,7,10,10,2,3,6.0,High (4–5)
537,4,5,8,5,7,10,7,3,1,5.75,High (4–5)
538,161,6,7,8,3,5,10,6,4,6.125,High (4–5)
539,31,5,4,5,9,9,2,4,1,4.875,High (4–5)
540,623,6,4,6,6,10,10,3,9,6.75,High (4–5)
541,818,10,5,4,9,2,6,2,6,5.5,High (4–5)
542,60,5,6,5,3,1,7,5,3,4.375,High (4–5)
543,384,6,2,7,9,4,4,2,8,5.25,High (4–5)
544,971,7,6,7,4,6,6,7,9,6.5,High (4–5)
545,427,7,3,7,2,9,8,8,7,6.375,High (4–5)
546,431,10,9,4,3,3,9,4,1,5.375,High (4–5)
547,408,6,5,4,7,1,8,6,7,5.5,High (4–5)
548,577,10,7,4,10,7,2,5,1,5.75,High (4–5)
549,803,6,10,8,5,6,5,6,7,6.625,High (4–5)
550,273,9,3,7,1,5,3,8,4,5.0,High (4–5)
551,371,6,3,4,9,4,10,4,10,6.25,High (4–5)
552,999,6,7,8,8,9,9,9,5,7.625,High (4–5)
553,595,10,5,5,4,10,4,4,4,5.75,High (4–5)
554,63,8,8,7,4,4,4,8,2,5.625,High (4–5)
555,899,5,4,7,7,2,6,1,1,4.125,High (4–5)
556,0,7,4,8,2,1,4,8,3,4.625,High (4–5)
557,796,7,9,6,2,7,7,6,8,6.5,High (4–5)
558,181,10,10,4,2,1,5,3,1,4.5,High (4–5)
559,290,6,7,6,4,2,8,9,7,6.125,High (4–5)
560,373,6,4,8,10,5,3,10,10,7.0,High (4–5)
561,285,6,10,5,7,3,3,5,1,5.0,High (4–5)
562,882,6,3,4,1,7,5,4,2,4.0,High (4–5)
563,776,8,3,7,6,3,7,6,7,5.875,High (4–5)
564,935,10,9,7,2,8,2,1,2,5.125,High (4–5)
565,679,10,6,4,5,10,9,6,7,7.125,High (4–5)
566,102,7,4,6,3,5,7,5,5,5.25,High (4–5)
567,618,5,8,6,9,3,8,7,9,6.875,High (4–5)
568,607,8,4,4,10,10,8,3,7,6.75,High (4–5)
569,743,9,7,7,10,1,5,5,10,6.75,High (4–5)
570,682,8,5,8,9,2,10,3,4,6.125,High (4–5)
571,16,5,3,6,6,5,8,8,2,5.375,High (4–5)
572,969,8,6,8,10,2,1,3,2,5.0,High (4–5)
573,46,8,4,4,9,5,7,4,8,6.125,High (4–5)
574,706,6,8,7,9,8,6,4,1,6.125,High (4–5)
575,993,9,9,4,1,5,2,9,9,6.0,High (4–5)
576,508,10,6,5,8,8,5,7,10,7.375,High (4–5)
577,989,8,4,5,4,8,6,7,3,5.625,High (4–5)
578,133,10,4,7,3,5,4,4,5,5.25,High (4–5)
579,15,8,9,8,3,6,10,2,3,6.125,High (4–5)
580,78,10,9,6,8,10,7,7,8,8.125,High (4–5)
581,433,6,6,8,4,8,9,4,1,5.75,High (4–5)
582,784,7,7,4,3,7,8,6,10,6.5,High (4–5)
583,983,5,2,4,1,9,4,3,2,3.75,Medium (3–4)
584,197,9,3,5,9,8,2,4,10,6.25,High (4–5)
585,483,8,2,6,2,10,2,2,5,4.625,High (4–5)
586,376,5,5,5,8,8,4,6,10,6.375,High (4–5)
587,915,10,7,4,6,9,4,9,5,6.75,High (4–5)
588,210,6,5,7,9,5,1,2,4,4.875,High (4–5)
589,20,8,4,5,1,10,10,7,5,6.25,High (4–5)
590,425,5,9,8,1,10,8,10,10,7.625,High (4–5)
591,668,6,3,6,1,2,10,9,3,5.0,High (4–5)
592,54,7,2,5,1,5,3,1,3,3.375,Medium (3–4)
593,950,7,2,7,10,5,3,4,7,5.625,High (4–5)
594,782,6,7,4,2,2,1,3,8,4.125,High (4–5)
595,108,5,5,7,5,10,7,3,9,6.375,High (4–5)
596,400,9,4,5,5,8,10,6,10,7.125,High (4–5)
597,685,10,9,7,3,1,6,6,4,5.75,High (4–5)
598,673,9,3,4,4,7,9,8,4,6.0,High (4–5)
599,198,6,7,7,7,3,5,4,3,5.25,High (4–5)
600,14,5,5,8,9,7,5,2,1,5.25,High (4–5)
601,172,6,5,8,3,4,3,10,3,5.25,High (4–5)
602,359,5,6,7,6,9,5,1,5,5.5,High (4–5)
603,714,10,5,5,5,7,5,7,9,6.625,High (4–5)
604,785,7,6,7,1,7,5,5,9,5.875,High (4–5)
605,865,8,4,6,2,7,5,2,7,5.125,High (4–5)
606,662,10,6,4,5,1,9,6,3,5.5,High (4–5)
607,513,9,10,7,7,9,2,10,1,6.875,High (4–5)
608,722,7,10,5,5,4,9,6,7,6.625,High (4–5)
609,8,6,7,6,10,6,9,9,10,7.875,High (4–5)
610,873,10,10,4,5,9,10,2,5,6.875,High (4–5)
611,684,10,3,7,4,4,5,1,10,5.5,High (4–5)
612,73,7,2,5,6,3,1,1,4,3.625,Medium (3–4)
613,900,9,8,5,8,4,6,9,7,7.0,High (4–5)
614,933,6,9,4,8,7,10,3,5,6.5,High (4–5)
615,634,6,7,6,6,1,6,3,8,5.375,High (4–5)
616,835,8,2,7,8,3,4,3,4,4.875,High (4–5)
617,422,9,8,4,4,8,3,4,10,6.25,High (4–5)
618,235,6,2,8,8,6,3,3,1,4.625,High (4–5)
619,286,10,3,7,10,8,8,4,9,7.375,High (4–5)
620,129,7,3,4,9,1,4,4,9,5.125,High (4–5)
621,443,7,9,8,2,4,5,1,5,5.125,High (4–5)
622,301,10,7,7,4,3,4,9,2,5.75,High (4–5)
623,532,10,2,4,2,2,6,10,9,5.625,High (4–5)
624,64,6,2,8,1,8,4,8,4,5.125,High (4–5)
625,860,10,8,4,3,7,1,4,5,5.25,High (4–5)
626,559,8,4,4,6,5,5,1,7,5.0,High (4–5)
627,311,7,5,6,8,4,9,8,9,7.0,High (4–5)
628,32,9,3,7,7,6,1,9,2,5.5,High (4–5)
629,296,10,7,4,2,2,10,10,8,6.625,High (4–5)
630,419,10,2,5,8,5,3,3,10,5.75,High (4–5)
631,83,10,6,6,1,8,1,3,9,5.5,High (4–5)
632,594,7,2,7,6,7,2,3,6,5.0,High (4–5)
633,501,5,2,8,4,7,6,10,4,5.75,High (4–5)
634,411,8,4,4,4,8,4,3,1,4.5,High (4–5)
635,824,10,7,7,9,4,9,9,8,7.875,High (4–5)
636,585,7,6,8,2,4,7,10,9,6.625,High (4–5)
637,848,9,9,6,1,9,2,8,6,6.25,High (4–5)
638,299,10,8,5,5,4,3,1,9,5.625,High (4–5)
639,107,9,4,8,6,10,4,5,9,6.875,High (4–5)
640,119,9,10,5,1,9,6,7,6,6.625,High (4–5)
641,335,5,3,4,2,8,4,7,6,4.875,High (4–5)
642,557,5,5,8,2,4,10,6,1,5.125,High (4–5)
643,113,5,6,7,1,10,6,4,7,5.75,High (4–5)
644,281,5,6,6,3,4,1,1,1,3.375,Medium (3–4)
645,836,9,3,4,6,6,3,2,7,5.0,High (4–5)
646,426,9,8,7,8,10,6,9,8,8.125,High (4–5)
647,42,8,2,4,6,6,7,3,1,4.625,High (4–5)
648,567,9,3,8,1,4,9,10,9,6.625,High (4–5)
649,589,5,8,7,5,6,7,8,9,6.875,High (4–5)
650,187,5,5,6,2,6,1,8,5,4.75,High (4–5)
651,615,5,6,7,9,1,1,1,5,4.375,High (4–5)
652,556,9,9,5,5,1,3,6,10,6.0,High (4–5)
653,3,9,6,5,9,10,5,5,4,6.625,High (4–5)
654,667,9,9,6,2,1,3,10,2,5.25,High (4–5)
655,234,7,2,4,5,1,8,7,2,4.5,High (4–5)
656,96,6,6,5,10,8,10,5,2,6.5,High (4–5)
657,691,7,7,8,8,5,4,8,2,6.125,High (4–5)
658,269,9,10,6,10,10,1,9,10,8.125,High (4–5)
659,566,8,10,6,10,7,6,6,1,6.75,High (4–5)
660,985,5,5,4,8,7,6,7,3,5.625,High (4–5)
661,437,7,2,6,7,5,8,1,8,5.5,High (4–5)
662,200,8,4,8,6,8,4,7,1,5.75,High (4–5)
663,291,10,3,7,8,2,10,3,3,5.75,High (4–5)
664,612,8,9,8,7,1,2,8,4,5.875,High (4–5)
665,448,6,7,7,9,2,9,2,5,5.875,High (4–5)
666,439,6,8,7,7,7,4,5,4,6.0,High (4–5)
667,573,5,5,5,8,8,9,8,2,6.25,High (4–5)
668,7,5,8,5,6,2,10,4,8,6.0,High (4–5)
669,725,5,10,8,4,3,5,1,6,5.25,High (4–5)
670,50,9,8,6,7,1,6,7,4,6.0,High (4–5)
671,423,7,9,5,10,10,7,7,3,7.25,High (4–5)
672,140,7,10,6,8,6,10,9,6,7.75,High (4–5)
673,135,8,9,7,3,6,10,2,9,6.75,High (4–5)
674,786,5,4,7,5,5,6,7,1,5.0,High (4–5)
675,601,8,9,4,5,4,3,1,10,5.5,High (4–5)
676,493,9,4,4,9,4,3,6,7,5.75,High (4–5)
677,553,7,2,4,7,3,5,1,3,4.0,High (4–5)
678,27,7,3,5,5,5,1,8,6,5.0,High (4–5)
679,257,8,5,6,4,4,1,5,4,4.625,High (4–5)
680,225,10,4,5,9,3,6,9,4,6.25,High (4–5)
681,788,6,5,6,3,10,4,3,8,5.625,High (4–5)
682,37,8,9,5,3,4,3,5,2,4.875,High (4–5)
683,170,5,10,7,2,8,5,9,5,6.375,High (4–5)
684,528,9,2,5,2,6,5,1,6,4.5,High (4–5)
685,600,7,8,6,10,6,7,7,6,7.125,High (4–5)
686,655,7,8,5,4,1,6,6,8,5.625,High (4–5)
687,74,8,8,6,1,2,5,2,6,4.75,High (4–5)
688,505,9,6,8,5,8,4,7,6,6.625,High (4–5)
689,377,5,5,7,3,9,6,1,4,5.0,High (4–5)
690,808,8,6,4,5,1,8,8,3,5.375,High (4–5)
691,366,9,9,8,2,1,10,5,2,5.75,High (4–5)
692,238,8,7,5,10,10,9,7,10,8.25,High (4–5)
693,255,9,10,7,10,3,2,7,8,7.0,High (4–5)
694,123,10,2,4,5,9,8,3,5,5.75,High (4–5)
695,663,6,2,8,2,5,7,5,7,5.25,High (4–5)
696,876,6,7,4,4,9,2,5,9,5.75,High (4–5)
697,690,5,10,8,4,2,7,9,6,6.375,High (4–5)
698,309,5,8,4,9,2,1,4,5,4.75,High (4–5)
699,693,7,9,8,1,5,10,3,7,6.25,High (4–5)
700,226,7,6,8,8,8,5,8,8,7.25,High (4–5)
701,951,10,10,7,10,5,9,7,1,7.375,High (4–5)
702,260,9,3,7,4,7,2,8,3,5.375,High (4–5)
703,243,9,8,8,8,4,10,8,9,8.0,High (4–5)
704,222,5,4,4,2,7,9,5,3,4.875,High (4–5)
705,314,5,10,6,8,6,6,10,4,6.875,High (4–5)
706,229,7,6,8,2,2,10,8,8,6.375,High (4–5)
707,85,5,6,8,9,3,4,4,4,5.375,High (4–5)
708,76,8,9,8,6,3,10,7,2,6.625,High (4–5)
709,887,6,9,5,8,9,7,6,2,6.5,High (4–5)
710,582,8,4,7,8,1,5,9,3,5.625,High (4–5)
711,674,8,5,6,8,7,10,2,7,6.625,High (4–5)
712,986,7,2,6,2,4,7,10,7,5.625,High (4–5)
713,511,8,4,4,5,2,10,10,6,6.125,High (4–5)
714,879,6,10,5,10,9,5,5,4,6.75,High (4–5)
715,401,8,10,7,2,8,10,8,9,7.75,High (4–5)
716,514,6,6,7,10,7,7,6,3,6.5,High (4–5)
717,750,10,3,8,1,5,1,3,5,4.5,High (4–5)
718,156,7,4,7,9,10,8,5,8,7.25,High (4–5)
719,775,5,6,7,2,5,4,1,4,4.25,High (4–5)
720,329,9,8,8,5,3,3,10,8,6.75,High (4–5)
721,467,8,10,5,7,7,1,3,6,5.875,High (4–5)
722,178,7,7,4,7,1,2,1,2,3.875,Medium (3–4)
723,549,5,3,7,6,8,8,5,5,5.875,High (4–5)
724,453,8,4,4,4,2,8,1,4,4.375,High (4–5)
725,307,6,9,5,1,6,5,3,5,5.0,High (4–5)
726,472,6,8,7,7,9,9,2,3,6.375,High (4–5)
727,392,7,7,4,9,7,10,8,4,7.0,High (4–5)
728,65,6,4,4,6,3,10,8,3,5.5,High (4–5)
729,575,9,4,7,7,1,1,5,1,4.375,High (4–5)
730,855,8,3,6,4,1,1,9,7,4.875,High (4–5)
731,791,5,9,4,4,1,4,10,9,5.75,High (4–5)
732,391,5,3,7,6,7,6,9,4,5.875,High (4–5)
733,973,6,3,4,6,4,6,6,9,5.5,High (4–5)
734,828,8,3,5,2,9,5,6,3,5.125,High (4–5)
735,247,6,9,6,5,2,2,3,7,5.0,High (4–5)
736,412,9,2,5,8,7,2,10,4,5.875,High (4–5)
737,67,7,9,4,3,9,1,1,2,4.5,High (4–5)
738,289,5,2,5,8,9,2,7,2,5.0,High (4–5)
739,399,10,6,4,8,6,5,10,4,6.625,High (4–5)
740,138,8,5,8,8,10,4,2,6,6.375,High (4–5)
741,537,10,6,4,9,9,5,7,5,6.875,High (4–5)
742,265,5,9,7,6,5,6,5,3,5.75,High (4–5)
743,724,5,2,6,1,7,3,3,1,3.5,Medium (3–4)
744,653,5,6,5,6,6,3,9,2,5.25,High (4–5)
745,318,6,8,5,10,6,7,10,8,7.5,High (4–5)
746,232,6,8,5,5,1,1,7,8,5.125,High (4–5)
747,21,9,7,5,3,6,6,1,6,5.375,High (4–5)
748,998,9,7,5,1,2,2,1,10,4.625,High (4–5)
749,694,9,8,8,10,7,7,7,2,7.25,High (4–5)
750,927,6,2,6,2,10,3,6,4,4.875,High (4–5)
751,348,7,9,5,6,5,5,8,6,6.375,High (4–5)
752,968,6,7,6,3,8,1,9,3,5.375,High (4–5)
753,992,10,6,4,3,8,6,10,3,6.25,High (4–5)
754,764,9,3,7,6,3,8,10,2,6.0,High (4–5)
755,587,5,4,8,2,2,2,4,10,4.625,High (4–5)
756,944,10,8,6,8,8,7,9,6,7.75,High (4–5)
757,239,5,10,4,3,2,7,4,4,4.875,High (4–5)
758,886,7,7,5,5,10,1,9,9,6.625,High (4–5)
759,23,9,7,4,2,1,2,9,3,4.625,High (4–5)
760,458,6,2,4,6,6,10,4,1,4.875,High (4–5)
761,822,6,2,7,1,5,4,1,10,4.5,High (4–5)
762,413,7,10,4,2,3,1,10,1,4.75,High (4–5)
763,563,7,4,8,8,7,3,3,10,6.25,High (4–5)
764,331,8,8,7,5,10,4,7,5,6.75,High (4–5)
765,434,7,7,7,6,1,8,9,6,6.375,High (4–5)
766,456,10,4,8,6,5,1,10,1,5.625,High (4–5)
767,430,9,6,4,9,8,6,4,3,6.125,High (4–5)
768,896,6,8,7,5,4,4,5,5,5.5,High (4–5)
769,451,9,3,6,10,7,8,9,10,7.75,High (4–5)
770,477,5,2,5,6,10,6,10,8,6.5,High (4–5)
771,9,7,5,4,5,1,3,5,6,4.5,High (4–5)
772,325,7,5,7,6,1,5,8,6,5.625,High (4–5)
773,812,9,5,4,4,2,4,2,6,4.5,High (4–5)
774,727,7,2,6,4,2,10,9,5,5.625,High (4–5)
775,928,6,7,6,9,4,8,5,8,6.625,High (4–5)
776,134,9,9,7,4,7,10,8,3,7.125,High (4–5)
777,819,6,7,8,8,9,10,2,2,6.5,High (4–5)
778,230,7,2,8,2,6,1,9,2,4.625,High (4–5)
779,520,9,3,5,6,7,10,10,3,6.625,High (4–5)
780,326,7,10,8,8,6,4,9,7,7.375,High (4–5)
781,142,6,8,4,10,8,5,8,6,6.875,High (4–5)
782,491,5,4,8,6,1,3,4,4,4.375,High (4–5)
783,379,7,5,6,2,9,7,3,10,6.125,High (4–5)
784,465,5,2,8,8,6,8,2,4,5.375,High (4–5)
785,756,6,7,7,3,2,6,9,7,5.875,High (4–5)
786,347,6,8,7,3,5,1,2,8,5.0,High (4–5)
787,237,10,4,5,8,7,8,2,8,6.5,High (4–5)
788,642,5,7,6,8,9,6,6,7,6.75,High (4–5)
789,506,9,7,4,1,5,7,5,1,4.875,High (4–5)
790,646,7,8,5,4,7,8,8,8,6.875,High (4–5)
791,382,10,10,7,5,2,3,6,3,5.75,High (4–5)
792,256,6,7,4,5,9,8,6,5,6.25,High (4–5)
793,327,8,8,5,10,2,1,10,5,6.125,High (4–5)
794,624,7,3,7,10,2,1,8,8,5.75,High (4–5)
795,155,8,8,8,10,3,9,7,3,7.0,High (4–5)
796,578,8,10,7,4,5,8,7,6,6.875,High (4–5)
797,640,10,9,4,10,2,4,3,1,5.375,High (4–5)
798,997,9,8,8,6,8,3,3,10,6.875,High (4–5)
799,242,7,9,5,4,5,9,1,4,5.5,High (4–5)
800,344,7,6,8,9,8,3,8,5,6.75,High (4–5)
801,699,9,5,4,8,4,2,2,8,5.25,High (4–5)
802,77,9,4,5,9,2,1,5,10,5.625,High (4–5)
803,821,8,9,5,5,8,9,4,9,7.125,High (4–5)
804,903,9,8,8,8,4,8,4,1,6.25,High (4–5)
805,540,9,10,7,3,2,4,4,5,5.5,High (4–5)
806,596,5,8,7,7,1,2,10,3,5.375,High (4–5)
807,169,8,2,6,3,3,6,9,3,5.0,High (4–5)
808,526,9,5,5,5,2,6,4,9,5.625,High (4–5)
809,361,7,2,6,4,5,7,8,3,5.25,High (4–5)
810,917,8,6,5,3,7,5,4,8,5.75,High (4–5)
811,342,5,9,8,1,9,8,7,10,7.125,High (4–5)
812,599,5,2,4,8,4,8,9,5,5.625,High (4–5)
813,875,5,4,7,3,5,6,4,5,4.875,High (4–5)
814,745,5,9,5,10,8,2,9,1,6.125,High (4–5)
815,131,9,4,8,2,7,5,2,10,5.875,High (4–5)
816,143,6,6,7,8,10,3,3,9,6.5,High (4–5)
817,666,10,5,6,8,1,2,7,7,5.75,High (4–5)
818,104,8,5,4,2,7,9,4,4,5.375,High (4–5)
819,964,8,5,5,3,10,5,5,3,5.5,High (4–5)
820,208,8,7,5,7,2,3,2,8,5.25,High (4–5)
821,774,7,10,5,4,6,10,9,6,7.125,High (4–5)
822,346,10,7,4,9,3,2,10,8,6.625,High (4–5)
823,97,7,8,7,9,6,3,10,7,7.125,High (4–5)
824,306,9,10,4,1,3,3,2,5,4.625,High (4–5)
825,18,9,6,6,1,5,8,4,10,6.125,High (4–5)
826,284,5,7,6,3,10,3,8,6,6.0,High (4–5)
827,173,5,7,5,10,10,10,3,10,7.5,High (4–5)
828,558,7,9,5,5,9,7,3,5,6.25,High (4–5)
829,51,7,2,6,2,8,2,10,2,4.875,High (4–5)
830,357,5,8,7,5,4,1,8,8,5.75,High (4–5)
831,692,8,8,6,9,5,8,7,10,7.625,High (4–5)
832,26,8,2,6,10,9,9,4,5,6.625,High (4–5)
833,386,9,5,5,4,6,5,7,7,6.0,High (4–5)
834,287,5,9,5,5,10,8,4,10,7.0,High (4–5)
835,974,8,10,4,2,4,9,8,7,6.5,High (4–5)
836,683,6,9,4,8,5,5,1,10,6.0,High (4–5)
837,374,6,9,4,6,2,6,7,8,6.0,High (4–5)
838,278,10,8,7,8,6,7,8,1,6.875,High (4–5)
839,367,10,4,8,3,3,9,5,7,6.125,High (4–5)
840,800,7,4,5,2,1,6,3,9,4.625,High (4–5)
841,11,9,5,6,8,5,6,7,7,6.625,High (4–5)
842,310,5,8,5,9,4,4,9,10,6.75,High (4–5)
843,910,5,8,7,10,8,2,4,8,6.5,High (4–5)
844,440,5,7,8,9,7,1,8,10,6.875,High (4–5)
845,441,7,8,5,3,1,8,6,8,5.75,High (4–5)
846,146,8,7,5,6,9,2,9,10,7.0,High (4–5)
847,614,8,2,6,7,8,6,6,5,6.0,High (4–5)
848,262,10,5,4,9,6,9,9,3,6.875,High (4–5)
849,34,9,7,8,9,8,2,8,9,7.5,High (4–5)
850,407,9,8,8,6,2,9,6,4,6.5,High (4–5)
851,564,5,10,5,6,8,5,3,1,5.375,High (4–5)
852,538,8,7,4,6,10,5,2,9,6.375,High (4–5)
853,748,5,8,6,1,10,2,4,9,5.625,High (4–5)
854,675,8,7,8,9,8,6,2,8,7.0,High (4–5)
855,224,10,7,7,6,2,1,7,9,6.125,High (4–5)
856,10,8,3,7,4,3,6,4,1,4.5,High (4–5)
857,708,5,3,5,4,5,9,6,4,5.125,High (4–5)
858,636,7,3,6,9,5,4,6,3,5.375,High (4–5)
859,218,7,8,4,4,1,4,6,4,4.75,High (4–5)
860,193,5,9,4,6,5,7,1,9,5.75,High (4–5)
861,106,6,6,5,8,3,1,9,7,5.625,High (4–5)
862,834,8,2,7,4,1,8,9,2,5.125,High (4–5)
863,597,5,4,8,4,8,7,3,4,5.375,High (4–5)
864,45,8,5,6,1,5,9,2,9,5.625,High (4–5)
865,264,5,2,4,4,7,6,4,1,4.125,High (4–5)
866,219,10,4,5,7,9,10,8,3,7.0,High (4–5)
867,249,10,2,5,6,8,1,8,9,6.125,High (4–5)
868,507,9,2,6,2,7,9,7,9,6.375,High (4–5)
869,383,10,10,8,10,4,9,3,10,8.0,High (4–5)
870,631,10,8,5,3,9,9,8,3,6.875,High (4–5)
871,502,6,3,5,1,8,4,7,8,5.25,High (4–5)
872,792,10,2,6,7,7,5,6,9,6.5,High (4–5)
873,271,8,10,6,5,7,10,10,2,7.25,High (4–5)
874,194,6,3,5,4,1,10,8,3,5.0,High (4–5)
875,937,8,8,4,10,1,5,9,3,6.0,High (4–5)
876,726,6,4,4,7,7,3,6,4,5.125,High (4–5)
877,339,6,10,5,9,4,3,6,5,6.0,High (4–5)
878,841,8,9,8,3,4,4,7,1,5.5,High (4–5)
879,874,9,7,6,9,6,1,6,3,5.875,High (4–5)
880,214,6,6,4,3,1,3,4,6,4.125,High (4–5)
881,924,9,10,5,5,6,4,1,8,6.0,High (4–5)
882,203,8,7,8,9,4,10,8,10,8.0,High (4–5)
883,629,8,3,7,4,4,8,1,10,5.625,High (4–5)
884,354,6,3,7,10,1,1,10,6,5.5,High (4–5)
885,857,9,8,6,5,7,8,1,9,6.625,High (4–5)
886,424,5,3,7,3,8,6,5,7,5.5,High (4–5)
887,872,6,10,8,8,2,2,1,4,5.125,High (4–5)
888,116,8,5,6,3,5,3,1,9,5.0,High (4–5)
889,308,9,10,7,10,3,2,10,9,7.5,High (4–5)
890,698,5,9,6,3,6,9,9,9,7.0,High (4–5)
891,622,9,10,7,7,6,2,8,4,6.625,High (4–5)
892,103,9,6,4,6,1,3,10,6,5.625,High (4–5)
893,464,5,4,8,6,4,10,1,6,5.5,High (4–5)
894,870,10,4,6,3,8,2,3,7,5.375,High (4–5)
895,351,8,5,8,10,1,9,7,7,6.875,High (4–5)
896,628,10,10,4,7,1,7,3,9,6.375,High (4–5)
897,33,8,5,6,1,8,7,7,2,5.5,High (4–5)
898,972,7,9,4,1,1,2,1,10,4.375,High (4–5)
899,535,5,10,5,9,9,8,1,9,7.0,High (4–5)
900,959,8,4,5,5,10,7,3,2,5.5,High (4–5)
901,794,10,4,4,8,6,8,6,9,6.875,High (4–5)
902,313,5,7,7,3,7,10,1,1,5.125,High (4–5)
903,127,5,8,4,9,7,7,7,6,6.625,High (4–5)
904,245,10,6,4,9,9,2,7,7,6.75,High (4–5)
905,773,9,5,8,9,1,10,4,8,6.75,High (4–5)
906,69,8,6,6,1,9,1,9,7,5.875,High (4–5)
907,141,8,6,6,5,4,9,5,2,5.625,High (4–5)
908,139,8,3,4,10,6,1,1,5,4.75,High (4–5)
909,398,6,9,6,10,7,4,5,9,7.0,High (4–5)
910,889,7,6,8,6,6,6,7,10,7.0,High (4–5)
911,995,6,7,8,3,7,7,8,7,6.625,High (4–5)
912,757,9,5,7,9,7,8,9,1,6.875,High (4–5)
913,783,5,2,8,2,8,5,7,3,5.0,High (4–5)
914,420,5,8,8,6,2,4,10,3,5.75,High (4–5)
915,790,7,5,6,2,3,1,6,6,4.5,High (4–5)
916,592,7,2,7,10,8,9,5,1,6.125,High (4–5)
917,978,6,5,8,9,6,6,2,9,6.375,High (4–5)
918,735,6,4,6,1,7,6,1,5,4.5,High (4–5)
919,731,5,10,6,9,5,10,5,2,6.5,High (4–5)
920,932,6,6,4,5,5,3,6,1,4.5,High (4–5)
921,497,6,4,8,4,6,10,1,6,5.625,High (4–5)
922,813,8,10,5,8,4,7,5,2,6.125,High (4–5)
923,2,10,2,7,3,10,4,4,7,5.875,High (4–5)
924,649,9,2,6,10,4,9,4,2,5.75,High (4–5)
925,455,8,5,4,2,7,4,1,2,4.125,High (4–5)
926,593,5,3,5,3,9,10,9,9,6.625,High (4–5)
927,206,10,8,5,4,8,9,10,6,7.5,High (4–5)
928,847,7,10,5,7,1,9,10,4,6.625,High (4–5)
929,233,8,7,7,7,9,2,8,2,6.25,High (4–5)
930,87,5,10,8,4,8,10,1,9,6.875,High (4–5)
931,333,6,3,7,6,9,9,9,1,6.25,High (4–5)
932,738,8,2,5,7,2,7,6,5,5.25,High (4–5)
933,350,5,6,6,1,8,7,10,10,6.625,High (4–5)
934,805,8,8,7,10,6,2,2,6,6.125,High (4–5)
935,700,9,8,6,1,9,6,9,1,6.125,High (4–5)
936,92,7,6,7,3,2,1,7,6,4.875,High (4–5)
937,68,5,5,8,8,7,6,10,4,6.625,High (4–5)
938,746,10,5,6,7,1,1,6,1,4.625,High (4–5)
939,741,7,9,7,3,10,8,10,5,7.375,High (4–5)
940,581,9,10,8,2,5,6,7,10,7.125,High (4–5)
941,677,9,6,6,9,1,10,7,1,6.125,High (4–5)
942,442,7,8,5,10,8,3,6,4,6.375,High (4–5)
943,749,9,9,5,2,9,1,10,1,5.75,High (4–5)
944,25,5,6,4,10,4,1,8,3,5.125,High (4–5)
945,936,6,7,6,4,1,8,4,10,5.75,High (4–5)
946,90,9,10,6,7,8,1,2,7,6.25,High (4–5)
947,715,6,9,6,5,9,1,6,6,6.0,High (4–5)
948,240,9,9,7,10,5,7,1,6,6.75,High (4–5)
949,13,6,6,6,3,10,7,2,1,5.125,High (4–5)
950,126,7,4,6,4,1,5,2,1,3.75,Medium (3–4)
951,761,5,9,6,10,10,1,10,6,7.125,High (4–5)
952,302,8,4,6,7,1,4,1,8,4.875,High (4–5)
953,650,8,4,7,9,10,2,8,3,6.375,High (4–5)
954,365,10,5,5,3,5,2,3,5,4.75,High (4–5)
955,905,5,9,6,8,10,2,1,1,5.25,High (4–5)
956,415,9,3,5,1,8,9,9,2,5.75,High (4–5)
957,397,10,7,8,6,6,6,2,6,6.375,High (4–5)
958,435,9,9,7,4,1,1,7,5,5.375,High (4–5)
959,945,9,3,8,2,4,9,1,1,4.625,High (4–5)
960,930,8,7,5,1,3,7,2,1,4.25,High (4–5)
961,687,5,9,7,9,3,1,9,5,6.0,High (4–5)
962,852,5,10,5,4,3,10,8,6,6.375,High (4–5)
963,712,6,5,5,7,8,2,9,7,6.125,High (4–5)
964,470,6,10,6,6,7,1,1,2,4.875,High (4–5)
965,43,6,5,4,1,10,7,4,1,4.75,High (4–5)
966,550,5,3,7,8,2,7,7,8,5.875,High (4–5)
967,844,8,6,4,1,1,8,10,9,5.875,High (4–5)
968,150,6,5,8,5,2,10,1,6,5.375,High (4–5)
969,168,6,3,8,2,8,10,7,3,5.875,High (4–5)
970,519,8,7,7,6,10,10,4,3,6.875,High (4–5)
971,531,9,8,7,6,3,8,3,7,6.375,High (4–5)
972,643,9,7,7,7,2,4,3,7,5.75,High (4–5)
973,428,6,9,4,4,8,6,2,5,5.5,High (4–5)
974,659,9,4,8,10,6,6,3,8,6.75,High (4–5)
975,766,10,2,4,3,4,6,9,4,5.25,High (4–5)
976,732,9,2,6,9,4,2,10,10,6.5,High (4–5)
977,916,10,4,7,3,10,10,7,8,7.375,High (4–5)
978,979,9,4,7,10,5,2,4,2,5.375,High (4–5)
979,372,5,7,7,9,3,5,10,4,6.25,High (4–5)
980,778,9,4,8,9,8,5,7,4,6.75,High (4–5)
981,579,10,3,7,8,9,1,8,8,6.75,High (4–5)
982,320,9,6,7,4,3,9,10,2,6.25,High (4–5)
983,645,5,9,6,6,8,5,10,8,7.125,High (4–5)
984,5,6,7,4,2,3,8,10,7,5.875,High (4–5)
985,294,7,5,4,1,6,2,9,6,5.0,High (4–5)
986,117,8,2,5,10,5,4,3,2,4.875,High (4–5)
987,555,9,2,8,7,2,1,3,10,5.25,High (4–5)
988,29,6,9,5,1,6,10,4,5,5.75,High (4–5)
989,259,8,3,8,9,7,4,10,7,7.0,High (4–5)
990,47,8,4,4,9,10,10,2,6,6.625,High (4–5)
991,678,8,10,5,2,7,4,1,7,5.5,High (4–5)
992,543,8,2,4,9,3,3,3,4,4.5,High (4–5)
993,908,5,2,5,3,2,10,4,8,4.875,High (4–5)
994,586,8,2,4,9,8,8,7,7,6.625,High (4–5)
995,98,9,9,7,2,3,3,8,4,5.625,High (4–5)
996,55,8,7,6,2,5,7,7,9,6.375,High (4–5)
997,913,5,5,6,5,6,7,6,1,5.125,High (4–5)
998,199,9,5,8,3,8,1,1,2,4.625,High (4–5)
999,539,10,2,7,4,3,4,10,1,5.125,High (4–5)
1000,759,7,2,4,2,1,5,9,9,4.875,High (4–5)
